Year,Month,Journal,Journal Impact factor,Title,Commodity,Deposit type,Methodology,Title,Author,Public availability original dataset,Training/Application dataset type,Training vs Application dataset relationship,Training to application scope,url,_key
2021,November,Computers & Geosciences,Unknown,A positive and unlabeled learning algorithm for mineral prospectivity mapping,Unknown,"Skarn (Fe, Cu, W, Zn-Pb, Sn, Au-As-Cu)",supervised > tree-based > random forest; supervised > kernel-based > support vector machine; supervised > neural networks > feedforward neural network (MLP),A positive and unlabeled learning algorithm for mineral prospectivity mapping,"Yihui Xiong, Renguang Zuo",True,Geochemical anomalies; Unknown; Aeromagnetic anomalies; Unknown; Geological maps; Unknown,Different,Region A to Region B,https://doi.org/10.1016/j.cageo.2020.104667,computers  geosciences | yihui xiong renguang zuo | a positive and unlabeled learning algorithm for mineral prospectivity mapping
2022,October,Computers & Geosciences,Unknown,Mineral prospectivity mapping using a joint singularity-based weighting method and long short-term memory network,Unknown,VMS (Volcanogenic Massive Sulfide),supervised > deep learning > long short-term memory network (LSTM),Mineral prospectivity mapping using a joint singularity-based weighting method and long short-term memory network,"Ziye Wang, Renguang Zuo",Unknown,Unknown,Unknown,Unknown,https://doi.org/10.1016/j.cageo.2021.104974,computers  geosciences | ziye wang renguang zuo | mineral prospectivity mapping using a joint singularity-based weighting method and long short-term memory network
2022,February,Computers & Geosciences,Unknown,Applications of data augmentation in mineral prospectivity prediction based on convolutional neural networks,Unknown,Unknown,supervised > deep learning > convolutional neural network (CNN),Applications of data augmentation in mineral prospectivity prediction based on convolutional neural networks,"Na Yang, Zhenkai Zhang, Jianhua Yang, Zenglin Hong",Unknown,Unknown,Unknown,Unknown,https://doi.org/10.1016/j.cageo.2022.105075,computers  geosciences | na yang zhenkai zhang jianhua yang zenglin hong | applications of data augmentation in mineral prospectivity prediction based on convolutional neural networks
2025,November,Computers & Geosciences,Unknown,Optimized AI-MPM: Application of PSO for tuning the hyperparameters of SVM and RF algorithms,Unknown,Porphyry Cu(-Mo-Au-Ag),supervised > tree-based > random forest; supervised > kernel-based > support vector machine; optimization/heuristic > metaheuristics > particle swarm optimization,Optimized AI-MPM: Application of PSO for tuning the hyperparameters of SVM and RF algorithms,"Mehrdad Daviran, Abbas Maghsoudi, Reza Ghezelbash",No,Geochemical signatures in stream sediments; Unknown; Geological and structural features; Unknown; Geophysical anomalies; Unknown; Hydrothermal alteration patterns; Unknown,Different,Region A to Region B,https://doi.org/10.1016/j.cageo.2024.105785,computers  geosciences | mehrdad daviran abbas maghsoudi reza ghezelbash | optimized ai-mpm application of pso for tuning the hyperparameters of svm and rf algorithms
2020,June,Ore Geology Reviews,Unknown,Modeling of Cu-Au prospectivity in the Carajás mineral province (Brazil) through machine learning: Dealing with imbalanced training data,Unknown,IOCG (Iron Oxide Copper-Gold),supervised > kernel-based > support vector machine; knowledge-driven > probabilistic > weights of evidence (WofE),Modeling of Cu-Au prospectivity in the Carajás mineral province (Brazil) through machine learning: Dealing with imbalanced training data,"Elias Martins Guerra Prado, Carlos Roberto de Souza Filho, Emmanuel John M. Carranza, João Gabriel Motta",True,"Airborne magnetic data; nT; Gamma-ray spectrometric data; eU, eTh; Gravity data; mGal; Geological map; Unknown",Different,Training to application scope: Training data from known mineralized locations to application in predicting prospective areas.,https://doi.org/10.1016/j.oregeorev.2020.103611,ore geology reviews | elias martins guerra prado carlos roberto de souza filho emmanuel john m carranza joão gabriel motta | modeling of cu-au prospectivity in the carajás mineral province brazil through machine learning dealing with imbalanced training data
2022,January,Ore Geology Reviews,Unknown,Mapping prospectivity for regolith-hosted REE deposits via convolutional neural network with generative adversarial network augmented data,Unknown,Unknown,supervised > deep learning > convolutional neural network (CNN); knowledge-driven > probabilistic > weights of evidence (WofE),Mapping prospectivity for regolith-hosted REE deposits via convolutional neural network with generative adversarial network augmented data,"Tong Li, Renguang Zuo, Xinfu Zhao, Kuidong Zhao",Unknown,Unknown,Unknown,Unknown,https://doi.org/10.1016/j.oregeorev.2022.104693,ore geology reviews | tong li renguang zuo xinfu zhao kuidong zhao | mapping prospectivity for regolith-hosted ree deposits via convolutional neural network with generative adversarial network augmented data
2022,February,Ore Geology Reviews,Unknown,Application of maximum entropy for mineral prospectivity mapping in heavily vegetated areas of Greater Kurile Chain with Landsat 8 data,Unknown,Epithermal Au-Ag (HS/LS/IS),supervised > tree-based > random forest; supervised > tree-based > gradient boosting (GBDT); supervised > kernel-based > support vector machine; supervised > neural networks > feedforward neural network (MLP),Application of maximum entropy for mineral prospectivity mapping in heavily vegetated areas of Greater Kurile Chain with Landsat 8 data,"Sergei Shevyrev, Emmanuel John M. Carranza",True,Landsat 8 OLI data; Unknown; Mineral abundance images; Unknown,Different,Kunashir Island to Iturup Island,https://doi.org/10.1016/j.oregeorev.2022.104758,ore geology reviews | sergei shevyrev emmanuel john m carranza | application of maximum entropy for mineral prospectivity mapping in heavily vegetated areas of greater kurile chain with landsat 8 data
2022,April,Ore Geology Reviews,Unknown,Ensemble learning models with a Bayesian optimization algorithm for mineral prospectivity mapping,Unknown,Hydrothermal,supervised > tree-based > gradient boosting (XGBoost); supervised > tree-based > random forest,Ensemble learning models with a Bayesian optimization algorithm for mineral prospectivity mapping,"Jiangning Yin, Nan Li",Unknown,Unknown,Unknown,Unknown,https://doi.org/10.1016/j.oregeorev.2022.104916,ore geology reviews | jiangning yin nan li | ensemble learning models with a bayesian optimization algorithm for mineral prospectivity mapping
2023,March,Ore Geology Reviews,Unknown,Mineral prospectivity mapping using attention-based convolutional neural network,Unknown,Unknown,supervised > deep learning > convolutional neural network (CNN); supervised > deep learning > attention-based model,Mineral prospectivity mapping using attention-based convolutional neural network,"Quanke Li, Guoxiong Chen, Lei Luo",Unknown,Unknown,Unknown,Unknown,https://doi.org/10.1016/j.oregeorev.2023.105381,ore geology reviews | quanke li guoxiong chen lei luo | mineral prospectivity mapping using attention-based convolutional neural network
2023,July,Ore Geology Reviews,Unknown,"Mineral prospectivity mapping based on Support vector machine and Random Forest algorithm – A case study from Ashele copper–zinc deposit, Xinjiang, NW China",Unknown,VMS (Volcanogenic Massive Sulfide),supervised > tree-based > random forest; supervised > kernel-based > support vector machine,"Mineral prospectivity mapping based on Support vector machine and Random Forest algorithm – A case study from Ashele copper–zinc deposit, Xinjiang, NW China","Chaojie Zheng, Feng Yuan, Xianrong Luo, Xiaohui Li, Panfeng Liu, Meilan Wen, Zesu Chen, Stefano Albanese",Unknown,Unknown,Unknown,Unknown,https://doi.org/10.1016/j.oregeorev.2023.105567,ore geology reviews | chaojie zheng feng yuan xianrong luo xiaohui li panfeng liu meilan wen zesu chen stefano albanese | mineral prospectivity mapping based on support vector machine and random forest algorithm  a case study from ashele copperzinc deposit xinjiang nw china
2023,July,Ore Geology Reviews,Unknown,"One-dimensional convolutional neural network for mapping mineral prospectivity: A case study in Changba ore concentration area, Gansu Province",Unknown,Vein systems (hypothermal/mesothermal/epithermal),supervised > deep learning > convolutional neural network (CNN),"One-dimensional convolutional neural network for mapping mineral prospectivity: A case study in Changba ore concentration area, Gansu Province","Binbin Li, Zhengbo Yu, Xijun Ke",Unknown,Unknown,Unknown,Unknown,https://doi.org/10.1016/j.oregeorev.2023.105573,ore geology reviews | binbin li zhengbo yu xijun ke | one-dimensional convolutional neural network for mapping mineral prospectivity a case study in changba ore concentration area gansu province
2023,November,Ore Geology Reviews,Unknown,Mineral prospecting mapping with conditional generative adversarial network augmented data,Unknown,Orogenic (lode) gold,supervised > deep learning > convolutional neural network (CNN); supervised > deep learning > GAN; supervised > deep learning > CNN–GAN hybrid,Mineral prospecting mapping with conditional generative adversarial network augmented data,"Yixiao Wu, Bingli Liu, Yaxin Gao, Cheng Li, Rui Tang, Yunhui Kong, Miao Xie, Kangning Li, Shiyao Dan, Ke Qi, Yufei Ren, Zhuo Wu",Unknown,Unknown,Unknown,Unknown,https://doi.org/10.1016/j.oregeorev.2023.105787,ore geology reviews | yixiao wu bingli liu yaxin gao cheng li rui tang yunhui kong miao xie kangning li shiyao dan ke qi yufei ren zhuo wu | mineral prospecting mapping with conditional generative adversarial network augmented data
2024,May,Ore Geology Reviews,Unknown,"Three-dimensional mineral prospectivity mapping based on natural language processing and random forests: A case study of the Xiyu diamond deposit, China",Unknown,Kimberlite/Lamproite (diamond),supervised > tree-based > random forest,"Three-dimensional mineral prospectivity mapping based on natural language processing and random forests: A case study of the Xiyu diamond deposit, China","Guanyun Zhou, Jianping Chen, Wentong An, Chang Liu, Wei Li",Available on request,Topographic map (Scale 1:2000; 1:10000); Geologic section (Scale 1:1000); Drill-hole data (Depth (m)); Geological plan of mining level (Scale 1:1000),Different,Region A to Region B,https://doi.org/10.1016/j.oregeorev.2024.106082,ore geology reviews | guanyun zhou jianping chen wentong an chang liu wei li | three-dimensional mineral prospectivity mapping based on natural language processing and random forests a case study of the xiyu diamond deposit china
2024,August,Ore Geology Reviews,Unknown,Improved mineral prospectivity mapping using graph neural networks,Unknown,VMS (Volcanogenic Massive Sulfide),supervised > deep learning > graph neural network (GNN),Improved mineral prospectivity mapping using graph neural networks,"Felix M.H. Sihombing, Richard M. Palin, Hannah S.R. Hughes, Laurence J. Robb",Unknown,Unknown,Unknown,Unknown,https://doi.org/10.1016/j.oregeorev.2024.106215,ore geology reviews | felix mh sihombing richard m palin hannah sr hughes laurence j robb | improved mineral prospectivity mapping using graph neural networks
2025,February,Ore Geology Reviews,Unknown,"Mineral prospectivity mapping of orogenic gold mineralization in the Malartic-Val-d’Or Transect area, Metal Earth project, Canada",Unknown,Orogenic (lode) gold,supervised > tree-based > random forest; supervised > generalized linear models > logistic regression,"Mineral prospectivity mapping of orogenic gold mineralization in the Malartic-Val-d’Or Transect area, Metal Earth project, Canada","Ahmad Reza Mokhtari, Pouran Behnia, Bruno Lafrance, Mostafa Naghizadeh, Jack M. Simmons, Jeff R. Harris",Unknown,Unknown,Unknown,Unknown,https://doi.org/10.1016/j.oregeorev.2025.106498,ore geology reviews | ahmad reza mokhtari pouran behnia bruno lafrance mostafa naghizadeh jack m simmons jeff r harris | mineral prospectivity mapping of orogenic gold mineralization in the malartic-val-dor transect area metal earth project canada
2025,February,Ore Geology Reviews,Unknown,Translation of mineral system components into time step-based ore-forming events and evidence maps for mineral exploration: Intelligent mineral prospectivity mapping through adaptation of recurrent neural networks and random forest algorithm,Unknown,VMS (Volcanogenic Massive Sulfide),supervised > tree-based > random forest; supervised > neural networks > feedforward neural network (MLP),Translation of mineral system components into time step-based ore-forming events and evidence maps for mineral exploration: Intelligent mineral prospectivity mapping through adaptation of recurrent neural networks and random forest algorithm,"Soran Qaderi, Abbas Maghsoudi, Mahyar Yousefi, Amin Beiranvand Pour",Unknown,Unknown,Unknown,Unknown,https://doi.org/10.1016/j.oregeorev.2025.106537,ore geology reviews | soran qaderi abbas maghsoudi mahyar yousefi amin beiranvand pour | translation of mineral system components into time step-based ore-forming events and evidence maps for mineral exploration intelligent mineral prospectivity mapping through adaptation of recurrent neural networks and random forest algorithm
2025,March,Ore Geology Reviews,Unknown,Attention-driven graph convolutional neural networks for mineral prospectivity mapping,Unknown,Porphyry Cu(-Mo-Au-Ag),supervised > deep learning > graph neural network,Attention-driven graph convolutional neural networks for mineral prospectivity mapping,"Changjie Cao, Xiuliang Wang, Fan Yang, Miao Xie, Bingli Liu, Yunhui Kong, Cheng Li, Zhongli Zhou",Unknown,Unknown,Unknown,Unknown,https://doi.org/10.1016/j.oregeorev.2025.106554,ore geology reviews | changjie cao xiuliang wang fan yang miao xie bingli liu yunhui kong cheng li zhongli zhou | attention-driven graph convolutional neural networks for mineral prospectivity mapping
2025,May,Ore Geology Reviews,Unknown,"Interpretable machine learning for mineral prospectivity mapping in the Qulong–Jiama district, Tibet, China",Unknown,Porphyry Cu(-Mo-Au-Ag),supervised > tree-based > random forest; supervised > kernel-based > support vector machine; supervised > neural networks > feedforward neural network (MLP),"Interpretable machine learning for mineral prospectivity mapping in the Qulong–Jiama district, Tibet, China","Nini Mou, Emmanuel John M. Carranza, Jianling Xue, Shuai Zhang, Gongwen Wang, Hao Song, Yuhao Chen, Xiangning Ren",Unknown,Unknown,Unknown,Unknown,https://doi.org/10.1016/j.oregeorev.2025.106659,ore geology reviews | nini mou emmanuel john m carranza jianling xue shuai zhang gongwen wang hao song yuhao chen xiangning ren | interpretable machine learning for mineral prospectivity mapping in the qulongjiama district tibet china
2025,May,Ore Geology Reviews,Unknown,"Mineral prospectivity mapping of orogenic gold deposits using a mineral systems approach in the Huangling region, western Hubei",Unknown,Orogenic (lode) gold,supervised > tree-based > random forest; supervised > deep learning > convolutional neural network (CNN),"Mineral prospectivity mapping of orogenic gold deposits using a mineral systems approach in the Huangling region, western Hubei","Huimin Wang, Qinglin Xia, Zhou Zhou, Li Lei, Yaqi Meng, Changliang Chen, Yin Gong, Peng Yang",Unknown,Unknown,Unknown,Unknown,https://doi.org/10.1016/j.oregeorev.2025.106681,ore geology reviews | huimin wang qinglin xia zhou zhou li lei yaqi meng changliang chen yin gong peng yang | mineral prospectivity mapping of orogenic gold deposits using a mineral systems approach in the huangling region western hubei
2025,June,Ore Geology Reviews,Unknown,Mineral prospectivity Mapping: An interpretable classifier Combining catchment basin and knowledge graph embedding,Unknown,Orogenic (lode) gold,supervised > tree-based > gradient boosting (XGBoost),Mineral prospectivity Mapping: An interpretable classifier Combining catchment basin and knowledge graph embedding,"Qun Yan, Yao Pei, Linfu Xue, Hairui Sun, Rui Wang, Xiangjin Ran",True,Geochemical data; ppm; Geochemical data; ppb,Same,"Gold prospectivity prediction in the Mawu area, Gansu Province",https://doi.org/10.1016/j.oregeorev.2025.106758,ore geology reviews | qun yan yao pei linfu xue hairui sun rui wang xiangjin ran | mineral prospectivity mapping an interpretable classifier combining catchment basin and knowledge graph embedding
2025,July,Ore Geology Reviews,Unknown,Multi-model decision system: An ensemble deep learning model to enhance predictive power in mineral prospectivity mapping,Unknown,IOCG (Iron Oxide Copper-Gold),supervised > deep learning > ensemble,Multi-model decision system: An ensemble deep learning model to enhance predictive power in mineral prospectivity mapping,"Zeinab Soltani, Hossein Hassani, Saeid Esmaeiloghli",Unknown,Unknown,Unknown,Unknown,https://doi.org/10.1016/j.oregeorev.2025.106768,ore geology reviews | zeinab soltani hossein hassani saeid esmaeiloghli | multi-model decision system an ensemble deep learning model to enhance predictive power in mineral prospectivity mapping
2021,June,Journal of Geochemical Exploration,Unknown,A simulation-based framework for modulating the effects of subjectivity in greenfield Mineral Prospectivity Mapping with geochemical and geological data,Unknown,Porphyry Cu(-Mo-Au-Ag),supervised > tree-based > random forest; supervised > tree-based > gradient boosting (GBDT),A simulation-based framework for modulating the effects of subjectivity in greenfield Mineral Prospectivity Mapping with geochemical and geological data,"Mohammad Parsa, Amin Beiranvand Pour",Unknown,Unknown,Unknown,Unknown,https://doi.org/10.1016/j.gexplo.2021.106838,journal of geochemical exploration | mohammad parsa amin beiranvand pour | a simulation-based framework for modulating the effects of subjectivity in greenfield mineral prospectivity mapping with geochemical and geological data
2023,November,Journal of Geochemical Exploration,Unknown,"Identification of geochemical anomalies related to mineralization: A case study from porphyry copper deposits in the Qulong-Jiama mining district of Tibet, China",Unknown,Porphyry Cu(-Mo-Au-Ag),supervised > tree-based > random forest; supervised > kernel-based > support vector machine; knowledge-driven > probabilistic > weights of evidence (WofE),"Identification of geochemical anomalies related to mineralization: A case study from porphyry copper deposits in the Qulong-Jiama mining district of Tibet, China","Nini Mou, Gongwen Wang, Xiang Sun",No,Geochemical data; Unknown; Geological map; Unknown; Stream sediment samples; Unknown,Different,Training from known deposits to application in the Qulong-Jiama mining district,https://doi.org/10.1016/j.gexplo.2022.107126,journal of geochemical exploration | nini mou gongwen wang xiang sun | identification of geochemical anomalies related to mineralization a case study from porphyry copper deposits in the qulong-jiama mining district of tibet china
2023,August,Journal of Geochemical Exploration,Unknown,"Mineral prospectivity mapping using machine learning techniques for gold exploration in the Larder Lake area, Ontario, Canada",Unknown,Orogenic (lode) gold,supervised > tree-based > random forest; supervised > unsupervised > principal component analysis; supervised > unsupervised > k-means clustering; supervised > generalized linear models > partial least squares-discriminant analysis,"Mineral prospectivity mapping using machine learning techniques for gold exploration in the Larder Lake area, Ontario, Canada","Haiming Liu, Jeff Harris, Ross Sherlock, Pouran Behnia, Eric Grunsky, Mostafa Naghizadeh, Kate Rubingh, Gyorgyi Tuba, Eric Roots, Graham Hill",Unknown,Unknown,Unknown,Unknown,https://doi.org/10.1016/j.gexplo.2023.107279,journal of geochemical exploration | haiming liu jeff harris ross sherlock pouran behnia eric grunsky mostafa naghizadeh kate rubingh gyorgyi tuba eric roots graham hill | mineral prospectivity mapping using machine learning techniques for gold exploration in the larder lake area ontario canada
2024,July,Journal of Geochemical Exploration,Unknown,"How do non-deposit sites influence the performance of machine learning-based gold prospectivity mapping? A study case in the Pitangui Greenstone Belt, Brazil",Unknown,Orogenic (lode) gold,supervised > tree-based > random forest; supervised > tree-based > artificial neural network; supervised > kernel-based > support vector machine,"How do non-deposit sites influence the performance of machine learning-based gold prospectivity mapping? A study case in the Pitangui Greenstone Belt, Brazil","Brener Otávio Luiz Ribeiro, Danilo Barbuena, Gustavo Henrique Coelho de Melo, João Gabriel Motta, Eduardo Duarte Marques, Marcelo de Souza Marinho",Unknown,Unknown,Unknown,Unknown,https://doi.org/10.1016/j.gexplo.2024.107543,journal of geochemical exploration | brener otávio luiz ribeiro danilo barbuena gustavo henrique coelho de melo joão gabriel motta eduardo duarte marques marcelo de souza marinho | how do non-deposit sites influence the performance of machine learning-based gold prospectivity mapping a study case in the pitangui greenstone belt brazil
2021,July,Applied Geochemistry,Unknown,"A copper porphyry promising zones mapping based on the exploratory data, multivariate geochemical analysis and GIS integration",Unknown,Porphyry Cu(-Mo-Au-Ag),supervised > tree-based > random forest; supervised > tree-based > gradient boosting (GBDT); knowledge-driven > multicriteria decision analysis > AHP; knowledge-driven > multicriteria decision analysis > TOPSIS,"A copper porphyry promising zones mapping based on the exploratory data, multivariate geochemical analysis and GIS integration","Farzad Moradpouri, Mohammad Hayati",Unknown,Unknown,Unknown,Unknown,https://doi.org/10.1016/j.apgeochem.2021.105051,applied geochemistry | farzad moradpouri mohammad hayati | a copper porphyry promising zones mapping based on the exploratory data multivariate geochemical analysis and gis integration
Unknown,Unknown,Unknown,Unknown,Unknown,Unknown,Porphyry Cu(-Mo-Au-Ag),supervised > tree-based > random forest; supervised > tree-based > gradient boosting (GBDT); knowledge-driven > multicriteria decision analysis > AHP,Unknown,Unknown,Unknown,Unknown,Unknown,Unknown,Unknown,unknown | unknown | unknown
2025,January,Journal of Applied Geophysics,Unknown,"A multistage algorithm to generate a predictive porphyry intrusion evidential map with low uncertainty for mineral prospectivity mapping, case study in Pariz Area, Iran",Unknown,Porphyry Cu(-Mo-Au-Ag),supervised > tree-based > random forest; supervised > tree-based > gradient boosting (GBDT); supervised > tree-based > XGBoost; supervised > tree-based > LightGBM; supervised > tree-based > CatBoost,"A multistage algorithm to generate a predictive porphyry intrusion evidential map with low uncertainty for mineral prospectivity mapping, case study in Pariz Area, Iran","Gholam-Reza Elyasi, Abbas Bahroudi, Maysam Abedi",Unknown,Aeromagnetic data; nT; Geological data; Unknown; Geochemical data; Unknown,Same,"Regional scale (1:100,000)",https://doi.org/10.1016/j.jappgeo.2025.105637,journal of applied geophysics | gholam-reza elyasi abbas bahroudi maysam abedi | a multistage algorithm to generate a predictive porphyry intrusion evidential map with low uncertainty for mineral prospectivity mapping case study in pariz area iran
2022,March,Journal of African Earth Sciences,Unknown,Data-driven multi-index overlay gold prospectivity mapping using geophysical and remote sensing datasets,Unknown,Vein systems (hypothermal/mesothermal/epithermal),supervised > tree-based > random forest; supervised > tree-based > gradient boosting (GBDT); supervised > kernel-based > support vector machine,Data-driven multi-index overlay gold prospectivity mapping using geophysical and remote sensing datasets,"Eric Dominic Forson, David Dotse Wemegah, Godfred Bright Hagan, Desmond Appiah, Fortune Addo-Wuver, Isaac Adjovu, Frank Osae Otchere, Said Mateso, Aboagye Menyeh, Theophilus Amponsah",True,magnetic anomaly; nT; gravity anomaly; mGal; potassium concentration; % K; hydroxyl concentration; % OH; iron concentration; % Fe; lineament density; km/km²,Different,Region A to Region B,https://doi.org/10.1016/j.jafrearsci.2022.104504,journal of african earth sciences | eric dominic forson david dotse wemegah godfred bright hagan desmond appiah fortune addo-wuver isaac adjovu frank osae otchere said mateso aboagye menyeh theophilus amponsah | data-driven multi-index overlay gold prospectivity mapping using geophysical and remote sensing datasets
2025,November,Journal of African Earth Sciences,Unknown,"A novel approach for integrating spatial data in gold prospectivity mapping using a modified TODIM method, a case study: Basiran-Mokhtaran - Eastern Iran",Unknown,Epithermal Au-Ag (HS/LS/IS),supervised > tree-based > random forest; supervised > tree-based > gradient boosting (GBDT); knowledge-driven > multicriteria decision analysis > AHP,"A novel approach for integrating spatial data in gold prospectivity mapping using a modified TODIM method, a case study: Basiran-Mokhtaran - Eastern Iran","Hosein Ferdowsi, Abbas Bahroudi, Ali Moradzadeh, Maysam Abedi",Available on request,Geological data; Unknown; Airborne geophysical data; Unknown; Geochemical data; Unknown; Remote sensing data; Unknown,Different,Region A to Region B,https://doi.org/10.1016/j.jafrearsci.2024.105482,journal of african earth sciences | hosein ferdowsi abbas bahroudi ali moradzadeh maysam abedi | a novel approach for integrating spatial data in gold prospectivity mapping using a modified todim method a case study basiran-mokhtaran - eastern iran
2025,August,Journal of African Earth Sciences,Unknown,"Porphyry copper prospectivity modelling using data driven and hybrid outranking methods: A case study of Shahr-e-Babak study area, South Eastern Iran",Unknown,Porphyry Cu(-Mo-Au-Ag),supervised > tree-based > random forest; supervised > tree-based > gradient boosting (GBDT); supervised > neural networks > feedforward neural network (MLP); knowledge-driven > multicriteria decision analysis > MOORA,"Porphyry copper prospectivity modelling using data driven and hybrid outranking methods: A case study of Shahr-e-Babak study area, South Eastern Iran","Moslem Jahantigh, Hamidreza Ramazi",Unknown,Unknown,Unknown,Unknown,https://doi.org/10.1016/j.jafrearsci.2025.105792,journal of african earth sciences | moslem jahantigh hamidreza ramazi | porphyry copper prospectivity modelling using data driven and hybrid outranking methods a case study of shahr-e-babak study area south eastern iran
2020,March,Geoscience Frontiers,Unknown,A Monte Carlo-based framework for risk-return analysis in mineral prospectivity mapping,Unknown,"Skarn (Fe, Cu, W, Zn-Pb, Sn, Au-As-Cu)",supervised > tree-based > logistic regression,A Monte Carlo-based framework for risk-return analysis in mineral prospectivity mapping,"Ziye Wang, Zhen Yin, Jef Caers, Renguang Zuo",True,"Geological map; 1:200,000; Geochemical data; major and trace element concentrations; Aeromagnetic data; total magnetic intensity",Different,Region A to Region B,https://doi.org/10.1016/j.gsf.2020.02.010,geoscience frontiers | ziye wang zhen yin jef caers renguang zuo | a monte carlo-based framework for risk-return analysis in mineral prospectivity mapping
2024,August,Remote Sensing Applications: Society and Environment,Unknown,Predictive modelling of mineral prospectivity using satellite remote sensing and machine learning algorithms,Unknown,Porphyry Cu(-Mo-Au-Ag),supervised > tree-based > random forest; supervised > tree-based > support vector machine; supervised > deep learning > convolutional neural network (CNN),Predictive modelling of mineral prospectivity using satellite remote sensing and machine learning algorithms,"Muhammad Ahsan Mahboob, Turgay Celik, Bekir Genc",Unknown,Unknown,Unknown,Unknown,https://doi.org/10.1016/j.rsase.2024.101316,remote sensing applications society and environment | muhammad ahsan mahboob turgay celik bekir genc | predictive modelling of mineral prospectivity using satellite remote sensing and machine learning algorithms
2025,January,Natural Resources Research,Unknown,Class Label Representativeness in Machine Learning-Based Mineral Prospectivity Mapping,Unknown,Orthomagmatic sulfide (Ni-Cu-PGE),supervised > deep learning > convolutional neural network (CNN),Class Label Representativeness in Machine Learning-Based Mineral Prospectivity Mapping,"Mohammad Parsa, Renato Cumani",Unknown,Unknown,Unknown,Unknown,https://doi.org/10.1007/s11053-025-10468-z,natural resources research | mohammad parsa renato cumani | class label representativeness in machine learning-based mineral prospectivity mapping
2024,June,Unknown,Unknown,GFM4MPM: Towards Geospatial Foundation Models for Mineral Prospectivity Mapping,Unknown,VMS (Volcanogenic Massive Sulfide),supervised > deep learning > transformer; supervised > deep learning > CNN,GFM4MPM: Towards Geospatial Foundation Models for Mineral Prospectivity Mapping,Angel Daruna; Vasily Zadorozhnyy; Georgina Lukoczki; Han-Pang Chiu,Unknown,Unknown,Unknown,Unknown,https://arxiv.org/abs/2406.12756,unknown | angel daruna vasily zadorozhnyy georgina lukoczki han-pang chiu | gfm4mpm towards geospatial foundation models for mineral prospectivity mapping
2025,June,Natural Resources Research,Unknown,Mineral Prospectivity Modeling of Graphite Deposits and Occurrences in Canada,Unknown,Unknown,supervised > tree-based > random forest; supervised > tree-based > gradient boosting (GBDT); supervised > tree-based > decision tree (CART); supervised > neural networks > feedforward neural network (MLP); supervised > kernel-based > support vector machine,Mineral Prospectivity Modeling of Graphite Deposits and Occurrences in Canada,Steven E. Zhang; Christopher J. M. Lawley; Julie E. Bourdeau; Mohammad Parsa; Renato Cumani; Aaron Thompson,Unknown,Unknown,Unknown,Unknown,https://doi.org/10.1007/s11053-024-10451-0,natural resources research | steven e zhang christopher j m lawley julie e bourdeau mohammad parsa renato cumani aaron thompson | mineral prospectivity modeling of graphite deposits and occurrences in canada
2025,April,Earth Science Informatics,Unknown,"Orogenic gold mineral prospectivity mapping of the geraldton area, ontario: discussion of key issues",Unknown,Orogenic (lode) gold,supervised > tree-based > random forest,"Orogenic gold mineral prospectivity mapping of the geraldton area, ontario: discussion of key issues","J. R. Harris, B. Lafrance, E. Grunsky, P. Behnia, M. Nagizedah, C. Lawley, M. Parsa",Unknown,Unknown,Unknown,Unknown,https://doi.org/10.1007/s12145-025-01831-y,earth science informatics | j r harris b lafrance e grunsky p behnia m nagizedah c lawley m parsa | orogenic gold mineral prospectivity mapping of the geraldton area ontario discussion of key issues
2025,May,International Journal of Digital Earth,Unknown,"An improved extreme learning machine algorithm for prospectivity mapping of copper deposits using multi-source remote sensing data: a case study in the North Altyn Tagh, Xinjiang, China",Unknown,Porphyry Cu(-Mo-Au-Ag),supervised > tree-based > extreme learning machine; knowledge-driven > probabilistic > weights of evidence (WofE),"An improved extreme learning machine algorithm for prospectivity mapping of copper deposits using multi-source remote sensing data: a case study in the North Altyn Tagh, Xinjiang, China","Boqi Yuan, Qinjun Wang, Wentao Xu, Chaokang He, Wenyue Xie",Unknown,Unknown,Unknown,Unknown,https://doi.org/10.1080/17538947.2025.2510567,international journal of digital earth | boqi yuan qinjun wang wentao xu chaokang he wenyue xie | an improved extreme learning machine algorithm for prospectivity mapping of copper deposits using multi-source remote sensing data a case study in the north altyn tagh xinjiang china
2025,Unknown,International Journal of Environmental Sciences,Unknown,Integrating AI With Remote Sensing For Mineral Prospectivity Mapping,Unknown,Unknown,supervised > tree-based > random forest; supervised > tree-based > gradient boosting (GBDT); supervised > kernel-based > support vector machine,Integrating AI With Remote Sensing For Mineral Prospectivity Mapping,"Madhukar Cherukuri, Dr. Bijendra Kumar, Dr. C. Umarani, Dr. K. Santosh Kumar, Shailee Sachin Patel, Nehal Rajput",True,Multispectral imagery; Unknown; Topographic data; Unknown; Geological maps; Unknown; Mineral occurrence points; Unknown,Same,Unknown,https://theaspd.com/index.php,international journal of environmental sciences | madhukar cherukuri dr bijendra kumar dr c umarani dr k santosh kumar shailee sachin patel nehal rajput | integrating ai with remote sensing for mineral prospectivity mapping
2023,May,International Journal of Mining and Geo-Engineering,Unknown,"A Hybrid Fuzzy Ordered Weighted Averaging Method in Mineral Prospectivity Mapping: A case for Porphyry Cu Exploration in Chahargonbad District, Iran",Unknown,Porphyry Cu(-Mo-Au-Ag),supervised > tree-based > random forest; supervised > tree-based > gradient boosting (GBDT),"A Hybrid Fuzzy Ordered Weighted Averaging Method in Mineral Prospectivity Mapping: A case for Porphyry Cu Exploration in Chahargonbad District, Iran","Shokouh Riahi, Maysam Abedi, Abbas Bahroudi",Available on reasonable request,"Geological data; Unknown; Geochemical data (Cu, Mo, Zn, Pb, Ag, Co, Ni, Cr, Ba); ppm; Geophysical data; Unknown; Remote sensing data; Unknown",Different,Region A to Region B,https://doi.org/10.22059/ijmge.2023.357315.595050,international journal of mining and geo-engineering | shokouh riahi maysam abedi abbas bahroudi | a hybrid fuzzy ordered weighted averaging method in mineral prospectivity mapping a case for porphyry cu exploration in chahargonbad district iran
2024,September,Journal of Geophysical Research: Machine Learning and Computation,Unknown,Deep Forest Modeling: An Interpretable Deep Learning Method for Mineral Prospectivity Mapping,Unknown,Porphyry Cu(-Mo-Au-Ag),supervised > tree-based > deep forest,Deep Forest Modeling: An Interpretable Deep Learning Method for Mineral Prospectivity Mapping,"Yue‐Lin Dong, Zhen‐Jie Zhang",Unknown,Unknown,Unknown,Unknown,https://doi.org/10.1029/2024JH000311,journal of geophysical research machine learning and computation | yuelin dong zhenjie zhang | deep forest modeling an interpretable deep learning method for mineral prospectivity mapping
2022,December,Geocarto International,Unknown,"Mineral prospectivity mapping: a potential technique for sustainable mineral exploration and mining activities – a case study using the copper deposits of the Tagmout basin, Morocco",Unknown,Porphyry Cu(-Mo-Au-Ag),supervised > tree-based > random forest; supervised > tree-based > gradient boosting (GBDT); supervised > kernel-based > support vector machine; knowledge-driven > multicriteria decision analysis > AHP,"Mineral prospectivity mapping: a potential technique for sustainable mineral exploration and mining activities – a case study using the copper deposits of the Tagmout basin, Morocco",Fatima Zahra Echogdali; Said Boutaleb; El Hassan Abia; Mohammed Ouchchen; Bouchra Dadi; Mouna Id-Belqas; Mohamed Abioui; Luan Thanh Pham; Tamer Abu-Alam; Kevin L. Mickus,Unknown,Stream sediment geochemical data; ppm; Fault density data; Unknown; Aeromagnetic data; nT,Different,Region A to Region B,https://doi.org/10.1080/10106049.2021.2017006,geocarto international | fatima zahra echogdali said boutaleb el hassan abia mohammed ouchchen bouchra dadi mouna id-belqas mohamed abioui luan thanh pham tamer abu-alam kevin l mickus | mineral prospectivity mapping a potential technique for sustainable mineral exploration and mining activities  a case study using the copper deposits of the tagmout basin morocco
2025,June,International Journal of Digital Earth,Unknown,"Mineral prospectivity mapping using geological map semantic knowledge graph embedding: a case study of gold prospecting in Ankang, Shaanxi Province, China",Unknown,Orogenic (lode) gold,supervised > deep learning > convolutional neural network (CNN); supervised > deep learning > transformer; supervised > deep learning > conformer,"Mineral prospectivity mapping using geological map semantic knowledge graph embedding: a case study of gold prospecting in Ankang, Shaanxi Province, China","Qun Yan, Linfu Xue, Yongsheng Li, Rui Wang, Ke Ding, Zhenglin Xu",Unknown,"Geochemical data; mg/kg (14 elements including Au, Ag, As, Bi, Cd, Co, Cr, Hg, Mo, Pb, Zn, W, Sn, Ni); Geological map data; Unknown",Different,Region A (Ankang) to Region B (predicted areas),https://doi.org/10.1080/17538947.2025.2517827,international journal of digital earth | qun yan linfu xue yongsheng li rui wang ke ding zhenglin xu | mineral prospectivity mapping using geological map semantic knowledge graph embedding a case study of gold prospecting in ankang shaanxi province china
2022,October,IEEE Access,Unknown,Multi-Class Prediction of Mineral Resources Based on Deep Learning,Unknown,Porphyry Cu(-Mo-Au-Ag),supervised > deep learning > convolutional neural network (CNN); supervised > deep learning > transformer,Multi-Class Prediction of Mineral Resources Based on Deep Learning,LIANG DING; YUELONG ZHU; PENGCHENG ZHANG; HAI DONG; HAO CHEN,Unknown,Unknown,Unknown,Unknown,https://doi.org/10.1109/ACCESS.2022.3215957,ieee access | liang ding yuelong zhu pengcheng zhang hai dong hao chen | multi-class prediction of mineral resources based on deep learning
2025,Unknown,Proceedings of the Nigerian Society of Physical Sciences,Unknown,"Multisource data fusion for enhanced gold mineral prospectivity mapping in Yagba West, Kogi State: a machine learning approach",Unknown,Vein systems (hypothermal/mesothermal/epithermal),supervised > tree-based > random forest; supervised > tree-based > decision tree (CART),"Multisource data fusion for enhanced gold mineral prospectivity mapping in Yagba West, Kogi State: a machine learning approach","Momohjimoh Abdulsalami, Jacob Funsho Omonile, Abubakar Fahad, Abdullateef Aliyu, Muhammad Kabir Yahaya",Unknown,Unknown,Unknown,Unknown,https://flayoophl.com/journals/index.php/pnspsc,proceedings of the nigerian society of physical sciences | momohjimoh abdulsalami jacob funsho omonile abubakar fahad abdullateef aliyu muhammad kabir yahaya | multisource data fusion for enhanced gold mineral prospectivity mapping in yagba west kogi state a machine learning approach
2020,April,Natural Resources Research,Unknown,Effects of Random Negative Training Samples on Mineral Prospectivity Mapping,Unknown,"Skarn (Fe, Cu, W, Zn-Pb, Sn, Au-As-Cu)",supervised > tree-based > random forest; supervised > tree-based > decision tree (CART); supervised > generalized linear models > logistic regression,Effects of Random Negative Training Samples on Mineral Prospectivity Mapping,"Renguang Zuo, Ziye Wang",Unknown,Unknown,Unknown,Unknown,https://doi.org/10.1007/s11053-020-09668-6,natural resources research | renguang zuo ziye wang | effects of random negative training samples on mineral prospectivity mapping
2024,April,Fractal Fract.,Unknown,Fractal-Based Multi-Criteria Feature Selection to Enhance Predictive Capability of AI-Driven Mineral Prospectivity Mapping,Unknown,Unknown,supervised > tree-based > random forest; supervised > tree-based > decision tree (CART); supervised > tree-based > gradient boosting (GBDT); supervised > generalized linear models > logistic regression,Fractal-Based Multi-Criteria Feature Selection to Enhance Predictive Capability of AI-Driven Mineral Prospectivity Mapping,"Tao Sun, Mei Feng, Wenbin Pu, Yue Liu, Fei Chen, Hongwei Zhang, Junqi Huang, Luting Mao, Zhiqiang Wang",Unknown,Unknown,Unknown,Unknown,https://doi.org/10.3390/fractalfract8040224,fractal fract | tao sun mei feng wenbin pu yue liu fei chen hongwei zhang junqi huang luting mao zhiqiang wang | fractal-based multi-criteria feature selection to enhance predictive capability of ai-driven mineral prospectivity mapping
2021,November,ISPRS International Journal of Geo-Information,Unknown,Mapping Mineral Prospectivity Using a Hybrid Genetic Algorithm–Support Vector Machine (GA–SVM) Model,Unknown,Orogenic (lode) gold,supervised > kernel-based > support vector machine; optimization/heuristic > metaheuristics > genetic algorithm (feature selection/weighting),Mapping Mineral Prospectivity Using a Hybrid Genetic Algorithm–Support Vector Machine (GA–SVM) Model,"Xishihui Du, Kefa Zhou, Yao Cui, Jinlin Wang, Shuguang Zhou",Available on request,"Geological maps; 1:200,000; Stream sediment geochemical data; 1 per 4 km²",Different,Region A to Region B,https://doi.org/10.3390/ijgi10110766,isprs international journal of geo-information | xishihui du kefa zhou yao cui jinlin wang shuguang zhou | mapping mineral prospectivity using a hybrid genetic algorithmsupport vector machine gasvm model
2024,July,Earth Sciences,Unknown,A Review of Integration Techniques of Multi-Geoscience Data-Sets in Mineral Prospectivity Mapping,Unknown,Unknown,knowledge-driven > fuzzy > fuzzy logic; knowledge-driven > multicriteria decision analysis > multiclass index overlay,A Review of Integration Techniques of Multi-Geoscience Data-Sets in Mineral Prospectivity Mapping,Neelesh Katiyar; Asita Kulshreshtha; Pramod Kumar Singh,Unknown,Unknown,Unknown,Unknown,https://doi.org/10.11648/j.earth.20241304.12,earth sciences | neelesh katiyar asita kulshreshtha pramod kumar singh | a review of integration techniques of multi-geoscience data-sets in mineral prospectivity mapping
2021,June,Minerals,Unknown,"Study of the Influence of Non-Deposit Locations in Data-Driven Mineral Prospectivity Mapping: A Case Study on the Iskut Project in Northwestern British Columbia, Canada",Unknown,Epithermal Au-Ag (HS/LS/IS),supervised > tree-based > random forest,"Study of the Influence of Non-Deposit Locations in Data-Driven Mineral Prospectivity Mapping: A Case Study on the Iskut Project in Northwestern British Columbia, Canada",Alix Lachaud; Adam Marcus; Slobodan Vuˇceti´c; Ilija Miškovi´c,Unknown,Unknown,Unknown,Unknown,https://doi.org/10.3390/min11060597,minerals | alix lachaud adam marcus slobodan vuˇcetic ilija miškovic | study of the influence of non-deposit locations in data-driven mineral prospectivity mapping a case study on the iskut project in northwestern british columbia canada
2022,October,Minerals,Unknown,"Applying Data-Driven-Based Logistic Function and Prediction-Area Plot to Map Mineral Prospectivity in the Qinling Orogenic Belt, Central China",Unknown,Orogenic (lode) gold,supervised > tree-based > logistic regression; supervised > tree-based > random forest,"Applying Data-Driven-Based Logistic Function and Prediction-Area Plot to Map Mineral Prospectivity in the Qinling Orogenic Belt, Central China","Hongyang Bai, Yuan Cao, Heng Zhang, Wenfeng Wang, Chaojun Jiang, Yongguo Yang",Unknown,Unknown,Unknown,Unknown,https://doi.org/10.3390/min12101287,minerals | hongyang bai yuan cao heng zhang wenfeng wang chaojun jiang yongguo yang | applying data-driven-based logistic function and prediction-area plot to map mineral prospectivity in the qinling orogenic belt central china
2022,October,Minerals,Unknown,"3D Mineral Prospectivity Mapping of Zaozigou Gold Deposit, West Qinling, China: Deep Learning-Based Mineral Prediction",Unknown,Epithermal Au-Ag (HS/LS/IS),supervised > deep learning > STOAD; supervised > deep learning > DAE,"3D Mineral Prospectivity Mapping of Zaozigou Gold Deposit, West Qinling, China: Deep Learning-Based Mineral Prediction","Zhengbo Yu, Bingli Liu, Miao Xie, Yixiao Wu, Yunhui Kong, Cheng Li, Guodong Chen, Yaxin Gao, Shuai Zha, Hanyuan Zhang, Lu Wang, Rui Tang",Unknown,Unknown,Unknown,Unknown,https://doi.org/10.3390/min12111382,minerals | zhengbo yu bingli liu miao xie yixiao wu yunhui kong cheng li guodong chen yaxin gao shuai zha hanyuan zhang lu wang rui tang | 3d mineral prospectivity mapping of zaozigou gold deposit west qinling china deep learning-based mineral prediction
2023,July,Minerals,Unknown,"Apriori Algorithm-Based Three-Dimensional Mineral Prospectivity Mapping—An Example from Meiling South Area, Xinjiang, China",Unknown,VMS (Volcanogenic Massive Sulfide),supervised > tree-based > random forest; supervised > kernel-based > support vector machine,"Apriori Algorithm-Based Three-Dimensional Mineral Prospectivity Mapping—An Example from Meiling South Area, Xinjiang, China","Jinyu Chang, Nannan Zhang, Kefa Zhou, Jintao Tao, Li Chen, Hao Zhang, Yujin Chi",Unknown,Unknown,Unknown,Unknown,https://doi.org/10.3390/min13070902,minerals | jinyu chang nannan zhang kefa zhou jintao tao li chen hao zhang yujin chi | apriori algorithm-based three-dimensional mineral prospectivity mappingan example from meiling south area xinjiang china
2023,September,Minerals,Unknown,"Mineral Prospectivity Mapping for Orogenic Gold Mineralization in the Rainy River Area, Wabigoon Subprovince",Unknown,Orogenic (lode) gold,supervised > tree-based > random forest,"Mineral Prospectivity Mapping for Orogenic Gold Mineralization in the Rainy River Area, Wabigoon Subprovince","Pouran Behnia, Jeff Harris, Ross Sherlock, Mostafa Naghizadeh, Rajesh Vayavur",Available on request from the corresponding author,Geological data; Unknown; Geophysical data; Unknown; Lithogeochemical data; Unknown; Geochronological data; Unknown,Different,Training from 83 occurrences; application to 33 occurrences,https://doi.org/10.3390/min13101267,minerals | pouran behnia jeff harris ross sherlock mostafa naghizadeh rajesh vayavur | mineral prospectivity mapping for orogenic gold mineralization in the rainy river area wabigoon subprovince
2023,October,Minerals,Unknown,3D Mineral Prospectivity Mapping from 3D Geological Models Using Return–Risk Analysis and Machine Learning on Imbalance Data,Unknown,Orogenic (lode) gold,supervised > tree-based > random forest; knowledge-driven > probabilistic > weights of evidence (WofE),3D Mineral Prospectivity Mapping from 3D Geological Models Using Return–Risk Analysis and Machine Learning on Imbalance Data,"Qingming Peng, Zhongzheng Wang, Gongwen Wang, Wengao Zhang, Zhengle Chen, Xiaoning Liu",Unknown,Unknown,Unknown,Unknown,https://doi.org/10.3390/min13111384,minerals | qingming peng zhongzheng wang gongwen wang wengao zhang zhengle chen xiaoning liu | 3d mineral prospectivity mapping from 3d geological models using returnrisk analysis and machine learning on imbalance data
2024,October,Minerals,Unknown,A Review of Mineral Prospectivity Mapping Using Deep Learning,Unknown,Unknown,supervised > deep learning > convolutional neural network (CNN); supervised > deep learning > generative adversarial network (GAN); supervised > deep learning > recurrent neural network (RNN); supervised > deep learning > autoencoder,A Review of Mineral Prospectivity Mapping Using Deep Learning,"Kang Sun, Yansi Chen, Guoshuai Geng, Zongyue Lu, Wei Zhang, Zhihong Song, Jiyun Guan, Yang Zhao, Zhaonian Zhang",Unknown,Unknown,Unknown,Unknown,https://doi.org/10.3390/min14101021,minerals | kang sun yansi chen guoshuai geng zongyue lu wei zhang zhihong song jiyun guan yang zhao zhaonian zhang | a review of mineral prospectivity mapping using deep learning
2025,February,Minerals,Unknown,Mineral Prospectivity Mapping in Xiahe-Hezuo Area Based on Wasserstein Generative Adversarial Network with Gradient Penalty,Unknown,Porphyry Cu(-Mo-Au-Ag),supervised > deep learning > convolutional neural network (CNN); knowledge-driven > probabilistic > weights of evidence (WofE),Mineral Prospectivity Mapping in Xiahe-Hezuo Area Based on Wasserstein Generative Adversarial Network with Gradient Penalty,"Jiansheng Gong, Yunhe Li, Miao Xie, Yunhui Kong, Rui Tang, Cheng Li, Yixiao Wu, Zehua Wu",Unknown,Unknown,Unknown,Unknown,https://doi.org/10.3390/min15020184,minerals | jiansheng gong yunhe li miao xie yunhui kong rui tang cheng li yixiao wu zehua wu | mineral prospectivity mapping in xiahe-hezuo area based on wasserstein generative adversarial network with gradient penalty
2025,3,Minerals,Unknown,Applying Mineral System Criteria to Develop a Predictive Modelling for Epithermal Gold Mineralization in Northern New Brunswick: Using Knowledge-Driven and Data-Driven Methods,Unknown,Epithermal Au-Ag (HS/LS/IS),supervised > tree-based > logistic regression; supervised > tree-based > fuzzy logic; supervised > tree-based > geometric average,Applying Mineral System Criteria to Develop a Predictive Modelling for Epithermal Gold Mineralization in Northern New Brunswick: Using Knowledge-Driven and Data-Driven Methods,"Farzaneh Mami Khalifani, David R. Lentz, James A. Walker, Fereshteh Khammar",Unknown,Unknown,Unknown,Unknown,https://doi.org/10.3390/min15040345,minerals | farzaneh mami khalifani david r lentz james a walker fereshteh khammar | applying mineral system criteria to develop a predictive modelling for epithermal gold mineralization in northern new brunswick using knowledge-driven and data-driven methods
2025,April,Minerals,Unknown,"Machine Learning Classification of Fertile and Barren Adakites for Refining Mineral Prospectivity Mapping: Geochemical Insights from the Northern Appalachians, New Brunswick, Canada",Unknown,Porphyry Cu(-Mo-Au-Ag),supervised > tree-based > random forest; supervised > tree-based > gradient boosting (GBDT); supervised > kernel-based > support vector machine; supervised > neural networks > feedforward neural network (MLP); supervised > tree-based > decision tree (CART); ensemble > boosting > boosting (GBDT/XGBoost/LightGBM); supervised > generalized linear models > logistic regression,"Machine Learning Classification of Fertile and Barren Adakites for Refining Mineral Prospectivity Mapping: Geochemical Insights from the Northern Appalachians, New Brunswick, Canada",Amirabbas Karbalaeiramezanali; Fazilat Yousefi; David R. Lentz; Kathleen G. Thorne,Unknown,Unknown,Unknown,Unknown,https://doi.org/10.3390/min15040372,minerals | amirabbas karbalaeiramezanali fazilat yousefi david r lentz kathleen g thorne | machine learning classification of fertile and barren adakites for refining mineral prospectivity mapping geochemical insights from the northern appalachians new brunswick canada
2025,7,Minerals,Unknown,Transformer–GCN Fusion Framework for Mineral Prospectivity Mapping: A Geospatial Deep Learning Approach,Unknown,VMS (Volcanogenic Massive Sulfide),supervised > deep learning > transformer; supervised > deep learning > graph neural network (GNN),Transformer–GCN Fusion Framework for Mineral Prospectivity Mapping: A Geospatial Deep Learning Approach,"Le Gao, Gnanachandrasamy Gopalakrishnan, Adel Nasri, Youhong Li, Yuying Zhang, Xiaoying Ou, Kele Xia",Unknown,Unknown,Unknown,Unknown,https://doi.org/10.3390/min15070711,minerals | le gao gnanachandrasamy gopalakrishnan adel nasri youhong li yuying zhang xiaoying ou kele xia | transformergcn fusion framework for mineral prospectivity mapping a geospatial deep learning approach
2025,July,Minerals,Unknown,"Three-Dimensional Mineralization Prediction Using the Information Value Method: A Case Study of the Bainiuchang Ag Polymetallic Deposit, Southwest China",Unknown,Vein systems (hypothermal/mesothermal/epithermal),supervised > probabilistic > weights of evidence (WofE); supervised > tree-based > gradient boosting (GBDT),"Three-Dimensional Mineralization Prediction Using the Information Value Method: A Case Study of the Bainiuchang Ag Polymetallic Deposit, Southwest China","Fuju Jia, Guolong Zheng, Guangzhi Meng, Long Jian, He Chang, Ping Pan, Jianguo Gao, Zhixiao Wu, Ceting Yang",Unknown,Unknown,Unknown,Unknown,https://doi.org/10.3390/min15080783,minerals | fuju jia guolong zheng guangzhi meng long jian he chang ping pan jianguo gao zhixiao wu ceting yang | three-dimensional mineralization prediction using the information value method a case study of the bainiuchang ag polymetallic deposit southwest china
2025,June,Remote Sens.,Unknown,Alteration Information Extraction and Mineral Prospectivity Mapping in the Laozhaiwan Area Using Multisource Remote Sensing Data,Unknown,Carlin-type gold,supervised > tree-based > random forest; supervised > tree-based > gradient boosting (GBDT); supervised > kernel-based > support vector machine; knowledge-driven > probabilistic > weights of evidence (WofE); knowledge-driven > multicriteria decision analysis > AHP,Alteration Information Extraction and Mineral Prospectivity Mapping in the Laozhaiwan Area Using Multisource Remote Sensing Data,"Qi Chen, Dayu Cai, Zhifang Zhao, Xiaoguang Yang, Yilong Wang, Xiao Jiang, Lei Xu, Haichuan Duan, Yang He, Xiaoxiao Zhang, Yiyang Wang, Ting Xu",Unknown,Unknown,Unknown,Unknown,https://doi.org/10.3390/rs17132178,remote sens | qi chen dayu cai zhifang zhao xiaoguang yang yilong wang xiao jiang lei xu haichuan duan yang he xiaoxiao zhang yiyang wang ting xu | alteration information extraction and mineral prospectivity mapping in the laozhaiwan area using multisource remote sensing data
2023,April,Mathematical Geosciences,Unknown,Deep Reinforcement Learning for Mineral Prospectivity Mapping,Unknown,Orogenic (lode) gold,supervised > deep learning > reinforcement learning,Deep Reinforcement Learning for Mineral Prospectivity Mapping,"Zixian Shi, Renguang Zuo, Bao Zhou",Unknown,Unknown,Unknown,Unknown,https://doi.org/10.1007/s11004-023-10059-9,mathematical geosciences | zixian shi renguang zuo bao zhou | deep reinforcement learning for mineral prospectivity mapping
2024,June,Mathematical Geosciences,Unknown,An Interpretable Graph Attention Network for Mineral Prospectivity Mapping,Unknown,"Skarn (Fe, Cu, W, Zn-Pb, Sn, Au-As-Cu)",supervised > deep learning > graph attention network,An Interpretable Graph Attention Network for Mineral Prospectivity Mapping,"Ying Xu, Renguang Zuo",True,"Geological map; scale 1:200,000; Geochemical survey data; concentrations of 39 elements; Distance maps; km",Different,Training area to Testing area,https://doi.org/10.1007/s11004-023-10076-8,mathematical geosciences | ying xu renguang zuo | an interpretable graph attention network for mineral prospectivity mapping
2024,April,Mathematical Geosciences,Unknown,Geologically Constrained Convolutional Neural Network for Mineral Prospectivity Mapping,Unknown,Porphyry Cu(-Mo-Au-Ag),supervised > deep learning > convolutional neural network (CNN),Geologically Constrained Convolutional Neural Network for Mineral Prospectivity Mapping,"Fanfan Yang, Renguang Zuo",Unknown,Unknown,Unknown,Unknown,https://doi.org/10.1007/s11004-024-10141-w,mathematical geosciences | fanfan yang renguang zuo | geologically constrained convolutional neural network for mineral prospectivity mapping
2025,November,Mathematical Geosciences,Unknown,Domain Adversarial Neural Network for Mapping Mineral Prospectivity,Unknown,Porphyry Cu(-Mo-Au-Ag),supervised > deep learning > domain adversarial neural network,Domain Adversarial Neural Network for Mapping Mineral Prospectivity,"Qiuyi Lin, Renguang Zuo",Unknown,Unknown,Unknown,Unknown,https://doi.org/10.1007/s11004-024-10164-3,mathematical geosciences | qiuyi lin renguang zuo | domain adversarial neural network for mapping mineral prospectivity
2025,January,Mathematical Geosciences,Unknown,Mineral Prospectivity Mapping Based on a Novel Self-Ensembling Graph Convolutional Network,Unknown,Unknown,supervised > deep learning > graph neural network (GNN); supervised > deep learning > CNN; supervised > tree-based > random forest; supervised > kernel-based > support vector machine,Mineral Prospectivity Mapping Based on a Novel Self-Ensembling Graph Convolutional Network,"Yonghang Lou, Yue Liu",Unknown,Unknown,Unknown,Unknown,https://doi.org/10.1007/s11004-024-10170-5,mathematical geosciences | yonghang lou yue liu | mineral prospectivity mapping based on a novel self-ensembling graph convolutional network
2020,September,Natural Resources Research,Unknown,Random-Drop Data Augmentation of Deep Convolutional Neural Network for Mineral Prospectivity Mapping,Unknown,"Skarn (Fe, Cu, W, Zn-Pb, Sn, Au-As-Cu)",supervised > deep learning > convolutional neural network (CNN),Random-Drop Data Augmentation of Deep Convolutional Neural Network for Mineral Prospectivity Mapping,"Tong Li, Renguang Zuo, Yihui Xiong, Yong Peng",Unknown,Unknown,Unknown,Unknown,https://doi.org/10.1007/s11053-020-09742-z,natural resources research | tong li renguang zuo yihui xiong yong peng | random-drop data augmentation of deep convolutional neural network for mineral prospectivity mapping
2021,March,Natural Resources Research,Unknown,Regional-Scale Mineral Prospectivity Mapping: Support Vector Machines and an Improved Data-Driven Multi-criteria Decision-Making Technique,Unknown,Vein systems (hypothermal/mesothermal/epithermal),supervised > kernel-based > support vector machine; supervised > tree-based > random forest,Regional-Scale Mineral Prospectivity Mapping: Support Vector Machines and an Improved Data-Driven Multi-criteria Decision-Making Technique,"Reza Ghezelbash, Abbas Maghsoudi, Amirreza Bigdeli, Emmanuel John M. Carranza",Unknown,Unknown,Unknown,Unknown,https://doi.org/10.1007/s11053-021-09842-4,natural resources research | reza ghezelbash abbas maghsoudi amirreza bigdeli emmanuel john m carranza | regional-scale mineral prospectivity mapping support vector machines and an improved data-driven multi-criteria decision-making technique
2021,July,Natural Resources Research,Unknown,A Hybrid Logistic Regression: Gene Expression Programming Model and Its Application to Mineral Prospectivity Mapping,Unknown,Porphyry Cu(-Mo-Au-Ag),supervised > generalized linear models > logistic regression; supervised > tree-based > random forest,A Hybrid Logistic Regression: Gene Expression Programming Model and Its Application to Mineral Prospectivity Mapping,"Fan Xiao, Weilin Chen, Jun Wang, Oktay Erten",Unknown,Unknown,Unknown,Unknown,https://doi.org/10.1007/s11053-021-09918-1,natural resources research | fan xiao weilin chen jun wang oktay erten | a hybrid logistic regression gene expression programming model and its application to mineral prospectivity mapping
2022,January,Natural Resources Research,Unknown,Determination of Predictive Variables in Mineral Prospectivity Mapping Using Supervised and Unsupervised Methods,Unknown,Porphyry Cu(-Mo-Au-Ag),supervised > tree-based > random forest; knowledge-driven > probabilistic > weights of evidence (WofE),Determination of Predictive Variables in Mineral Prospectivity Mapping Using Supervised and Unsupervised Methods,"Chengbin Wang, Jianguo Chen, Yongpeng Ouyang",Unknown,Unknown,Unknown,Unknown,https://doi.org/10.1007/s11053-021-09982-7,natural resources research | chengbin wang jianguo chen yongpeng ouyang | determination of predictive variables in mineral prospectivity mapping using supervised and unsupervised methods
2021,November,Natural Resources Research,Unknown,Deep GMDH Neural Networks for Predictive Mapping of Mineral Prospectivity in Terrains Hosting Few but Large Mineral Deposits,Unknown,Porphyry Cu(-Mo-Au-Ag),supervised > neural networks > feedforward neural network (MLP); knowledge-driven > probabilistic > weights of evidence (WofE),Deep GMDH Neural Networks for Predictive Mapping of Mineral Prospectivity in Terrains Hosting Few but Large Mineral Deposits,"Mohammad Parsa, Emmanuel John M. Carranza, Bahman Ahmadi",True,Geochemical data; Unknown; Geological maps; Unknown; Remote sensing data; Unknown,Different,Region A to Region B,https://doi.org/10.1007/s11053-021-09984-5,natural resources research | mohammad parsa emmanuel john m carranza bahman ahmadi | deep gmdh neural networks for predictive mapping of mineral prospectivity in terrains hosting few but large mineral deposits
2022,April,Natural Resources Research,Unknown,"Three-Dimensional Mineral Prospectivity Mapping by XGBoost Modeling: A Case Study of the Lannigou Gold Deposit, China",Unknown,Epithermal Au-Ag (HS/LS/IS),supervised > tree-based > gradient boosting (XGBoost),"Three-Dimensional Mineral Prospectivity Mapping by XGBoost Modeling: A Case Study of the Lannigou Gold Deposit, China","Quanping Zhang, Jianping Chen, Hua Xu, Yule Jia, Xuewei Chen, Zhen Jia, Hao Liu",Unknown,Geological data; Unknown; 3D geological model; Unknown; Borehole data; m; Geological sections; m,Same,Unknown,https://doi.org/10.1007/s11053-022-10054-7,natural resources research | quanping zhang jianping chen hua xu yule jia xuewei chen zhen jia hao liu | three-dimensional mineral prospectivity mapping by xgboost modeling a case study of the lannigou gold deposit china
2022,October,Natural Resources Research,Unknown,Unlabeled Sample Selection for Mineral Prospectivity Mapping by Semi-supervised Support Vector Machine,Unknown,VMS (Volcanogenic Massive Sulfide),supervised > kernel-based > support vector machine; supervised > kernel-based > SVM (RBF),Unlabeled Sample Selection for Mineral Prospectivity Mapping by Semi-supervised Support Vector Machine,"Jintao Tao, Nannan Zhang, Jinyu Chang, Li Chen, Hao Zhang, Yujin Chi",Unknown,Unknown,Unknown,Unknown,https://doi.org/10.1007/s11053-022-10093-0,natural resources research | jintao tao nannan zhang jinyu chang li chen hao zhang yujin chi | unlabeled sample selection for mineral prospectivity mapping by semi-supervised support vector machine
2022,September,Natural Resources Research,Unknown,An Integrated Framework for Data-Driven Mineral Prospectivity Mapping Using Bagging-Based Positive-Unlabeled Learning and Bayesian Cost-Sensitive Logistic Regression,Unknown,Orogenic (lode) gold,supervised > tree-based > bagging; supervised > generalized linear models > logistic regression; semi-supervised > PU learning > positive–unlabeled learning,An Integrated Framework for Data-Driven Mineral Prospectivity Mapping Using Bagging-Based Positive-Unlabeled Learning and Bayesian Cost-Sensitive Logistic Regression,Zhiqiang Zhang; Gongwen Wang; Emmanuel John M. Carranza; Junjie Fan; Xinxing Liu; Xiang Zhang; Yulong Dong; XiaoPeng Chang; Deming Sha,Unknown,Unknown,Unknown,Unknown,https://doi.org/10.1007/s11053-022-10120-0,natural resources research | zhiqiang zhang gongwen wang emmanuel john m carranza junjie fan xinxing liu xiang zhang yulong dong xiaopeng chang deming sha | an integrated framework for data-driven mineral prospectivity mapping using bagging-based positive-unlabeled learning and bayesian cost-sensitive logistic regression
2023,February,Natural Resources Research,Unknown,Mineral Prospectivity Mapping Using Deep Self-Attention Model,Unknown,Orogenic (lode) gold,supervised > deep learning > self-attention mechanism,Mineral Prospectivity Mapping Using Deep Self-Attention Model,"Bojun Yin, Renguang Zuo, Siquan Sun",Unknown,Geological data; km; Geochemical data; various elements; Rasterized data; km,Different,Region A to Region B,https://doi.org/10.1007/s11053-022-10142-8,natural resources research | bojun yin renguang zuo siquan sun | mineral prospectivity mapping using deep self-attention model
2022,December,Natural Resources Research,Unknown,Quantification of Uncertainty Associated with Evidence Layers in Mineral Prospectivity Mapping Using Direct Sampling and Convolutional Neural Network,Unknown,Orogenic (lode) gold,supervised > deep learning > convolutional neural network (CNN); knowledge-driven > probabilistic > weights of evidence (WofE),Quantification of Uncertainty Associated with Evidence Layers in Mineral Prospectivity Mapping Using Direct Sampling and Convolutional Neural Network,"Fanfan Yang, Ziye Wang, Renguang Zuo, Siquan Sun, Bao Zhou",Unknown,Unknown,Unknown,Unknown,https://doi.org/10.1007/s11053-022-10144-6,natural resources research | fanfan yang ziye wang renguang zuo siquan sun bao zhou | quantification of uncertainty associated with evidence layers in mineral prospectivity mapping using direct sampling and convolutional neural network
2023,October,Natural Resources Research,Unknown,A New Generation of Artificial Intelligence Algorithms for Mineral Prospectivity Mapping,Unknown,Orthomagmatic sulfide (Ni-Cu-PGE),Unknown,A New Generation of Artificial Intelligence Algorithms for Mineral Prospectivity Mapping,"Renguang Zuo, Yihui Xiong, Ziye Wang, Jian Wang, Oliver P. Kreuzer",Unknown,Geological data; Geophysical data; Geochemical data; Remote sensing data,Different,Region A to Region B,https://doi.org/10.1007/s11053-023-10237-w,natural resources research | renguang zuo yihui xiong ziye wang jian wang oliver p kreuzer | a new generation of artificial intelligence algorithms for mineral prospectivity mapping
2023,October,Natural Resources Research,Unknown,"Integration of ASTER and Soil Survey Data by Principal Components Analysis and One-Class Support Vector Machine for Mineral Prospectivity Mapping in Kerkasha, Southwestern Eritrea",Unknown,VMS (Volcanogenic Massive Sulfide),supervised > tree-based > random forest; supervised > tree-based > gradient boosting (GBDT); supervised > kernel-based > support vector machine; knowledge-driven > probabilistic > weights of evidence (WofE),"Integration of ASTER and Soil Survey Data by Principal Components Analysis and One-Class Support Vector Machine for Mineral Prospectivity Mapping in Kerkasha, Southwestern Eritrea","Finhas Tsehaye Zerai, Pece V. Gorsevski, Kurt S. Panter, John Farver, Majid H. Tangestani",Unknown,Unknown,Unknown,Unknown,https://doi.org/10.1007/s11053-023-10268-3,natural resources research | finhas tsehaye zerai pece v gorsevski kurt s panter john farver majid h tangestani | integration of aster and soil survey data by principal components analysis and one-class support vector machine for mineral prospectivity mapping in kerkasha southwestern eritrea
2023,October,Natural Resources Research,Unknown,A Framework for Data-Driven Mineral Prospectivity Mapping with Interpretable Machine Learning and Modulated Predictive Modeling,Unknown,Porphyry Cu(-Mo-Au-Ag),supervised > tree-based > random forest; supervised > kernel-based > support vector machine,A Framework for Data-Driven Mineral Prospectivity Mapping with Interpretable Machine Learning and Modulated Predictive Modeling,"Nini Mou, Emmanuel John M. Carranza, Gongwen Wang, Xiang Sun",Unknown,Unknown,Unknown,Unknown,https://doi.org/10.1007/s11053-023-10272-7,natural resources research | nini mou emmanuel john m carranza gongwen wang xiang sun | a framework for data-driven mineral prospectivity mapping with interpretable machine learning and modulated predictive modeling
2024,March,Natural Resources Research,Unknown,Data-Driven Mineral Prospectivity Mapping Based on Known Deposits Using Association Rules,Unknown,Vein systems (hypothermal/mesothermal/epithermal),supervised > tree-based > random forest; supervised > tree-based > gradient boosting (GBDT),Data-Driven Mineral Prospectivity Mapping Based on Known Deposits Using Association Rules,"Xiaotong Yu, Pengpeng Yu, Kunyi Wang, Wei Cao, Yongzhang Zhou",Unknown,Unknown,Unknown,Unknown,https://doi.org/10.1007/s11053-024-10328-2,natural resources research | xiaotong yu pengpeng yu kunyi wang wei cao yongzhang zhou | data-driven mineral prospectivity mapping based on known deposits using association rules
2024,May,Natural Resources Research,Unknown,A Heterogeneous Graph Construction Method for Mineral Prospectivity Mapping,Unknown,"Skarn (Fe, Cu, W, Zn-Pb, Sn, Au-As-Cu)",supervised > deep learning > graph neural network; supervised > deep learning > graph attention network,A Heterogeneous Graph Construction Method for Mineral Prospectivity Mapping,"Luyi Shi, Ying Xu, Renguang Zuo",Unknown,Unknown,Unknown,Unknown,https://doi.org/10.1007/s11053-024-10344-2,natural resources research | luyi shi ying xu renguang zuo | a heterogeneous graph construction method for mineral prospectivity mapping
2024,December,Natural Resources Research,Unknown,Mineral Prospectivity Mapping and Differential Metal Endowment Between Two Greenstone Belts in the Canadian Superior Craton,Unknown,Orogenic (lode) gold,supervised > tree-based > random forest,Mineral Prospectivity Mapping and Differential Metal Endowment Between Two Greenstone Belts in the Canadian Superior Craton,"J. R. Harris, J. Strong, P. Thurston, K. Nymoen, R. Haugaard, M. Naghizadeh, G. Tuba, P. Behnia, E. Grunsky, J. Ayer, R. Smith, R. Sherlock, A. Reza-Mokhtari",True,Gold data; points; Geological data; shapefiles; Lithogeochemical data; points; Geophysical data; continuous surface maps,Different,Training from Matheson and Dryden areas to application in gold exploration,https://doi.org/10.1007/s11053-024-10432-3,natural resources research | j r harris j strong p thurston k nymoen r haugaard m naghizadeh g tuba p behnia e grunsky j ayer r smith r sherlock a reza-mokhtari | mineral prospectivity mapping and differential metal endowment between two greenstone belts in the canadian superior craton
2025,April,Natural Resources Research,Unknown,"Prospectivity Modeling of Devonian Intrusion-Related W–Mo–Sb–Au Deposits in the Pokiok Plutonic Suite, West-Central New Brunswick, Canada, Using a Monte Carlo-Based Framework",Unknown,Orthomagmatic sulfide (Ni-Cu-PGE),supervised > tree-based > random forest; supervised > tree-based > gradient boosting (GBDT); supervised > tree-based > decision tree (CART),"Prospectivity Modeling of Devonian Intrusion-Related W–Mo–Sb–Au Deposits in the Pokiok Plutonic Suite, West-Central New Brunswick, Canada, Using a Monte Carlo-Based Framework",Amirabbas Karbalaeiramezanali; Mohammad Parsa; David R. Lentz; Kathleen G. Thorne,True,Geophysical data; nT; Geochemical data; ppm; Geological bedrock data; Unknown,Different,Region A to Region B,https://doi.org/10.1007/s11053-024-10437-y,natural resources research | amirabbas karbalaeiramezanali mohammad parsa david r lentz kathleen g thorne | prospectivity modeling of devonian intrusion-related wmosbau deposits in the pokiok plutonic suite west-central new brunswick canada using a monte carlo-based framework
2025,April,Natural Resources Research,Unknown,Interpretability Analysis of Data Augmented Convolutional Neural Network in Mineral Prospectivity Mapping Using Black-Box Visualization Tools,Unknown,Unknown,supervised > deep learning > convolutional neural network (CNN); supervised > tree-based > random forest,Interpretability Analysis of Data Augmented Convolutional Neural Network in Mineral Prospectivity Mapping Using Black-Box Visualization Tools,"Yue Liu, Tao Sun, Kaixing Wu, Wenyuan Xiang, Jingwei Zhang, Hongwei Zhang, Mei Feng",Unknown,Unknown,Unknown,Unknown,https://doi.org/10.1007/s11053-025-10462-5,natural resources research | yue liu tao sun kaixing wu wenyuan xiang jingwei zhang hongwei zhang mei feng | interpretability analysis of data augmented convolutional neural network in mineral prospectivity mapping using black-box visualization tools
2025,October,Natural Resources Research,Unknown,Recursive Annotation for Negative Labeling in Data-Driven Mineral Prospectivity Mapping,Unknown,Orthomagmatic sulfide (Ni-Cu-PGE),supervised > tree-based > random forest; supervised > tree-based > gradient boosting (GBDT),Recursive Annotation for Negative Labeling in Data-Driven Mineral Prospectivity Mapping,"Steven E. Zhang, Daniel Coutts, Mohammad Parsa, Renato Cumani, Aaron Thompson",Unknown,Unknown,Unknown,Unknown,https://doi.org/10.1007/s11053-025-10510-0,natural resources research | steven e zhang daniel coutts mohammad parsa renato cumani aaron thompson | recursive annotation for negative labeling in data-driven mineral prospectivity mapping
2024,September,Science China Earth Sciences,Unknown,Explainable artificial intelligence models for mineral prospectivity mapping,Unknown,Unknown,supervised > tree-based > random forest,Explainable artificial intelligence models for mineral prospectivity mapping,"Renguang ZUO, Qiuming CHENG, Ying XU, Fanfan YANG, Yihui XIONG, Ziye WANG, Oliver P. KREUZER",Unknown,Geological data; Geochemical data; Geophysical data; Remote sensing data; Drilling data,Different,Region A to Region B,https://doi.org/10.1007/s11430-024-1309-9,science china earth sciences | renguang zuo qiuming cheng ying xu fanfan yang yihui xiong ziye wang oliver p kreuzer | explainable artificial intelligence models for mineral prospectivity mapping
2023,November,Earth Science Informatics,Unknown,"First-Pass prospectivity mapping for Au–Ag mineralization in Sikhote–Alin Superterrane, Southeast Russia through field sampling, image enhancement on ASTER data, and MaxEnt modeling",Unknown,Epithermal Au-Ag (HS/LS/IS),supervised > tree-based > random forest; supervised > tree-based > gradient boosting (GBDT); supervised > kernel-based > support vector machine,"First-Pass prospectivity mapping for Au–Ag mineralization in Sikhote–Alin Superterrane, Southeast Russia through field sampling, image enhancement on ASTER data, and MaxEnt modeling",Sergei Shevyrev; Ekaterina V. Gorobeyko; Emmanuel John M. Carranza; Natalia G. Boriskina,Unknown,Unknown,Unknown,Unknown,https://doi.org/10.1007/s12145-022-00906-4,earth science informatics | sergei shevyrev ekaterina v gorobeyko emmanuel john m carranza natalia g boriskina | first-pass prospectivity mapping for auag mineralization in sikhotealin superterrane southeast russia through field sampling image enhancement on aster data and maxent modeling
2023,December,Arabian Journal of Geosciences,Unknown,Execution of an applicable hybrid integration procedure for mineral prospectivity mapping,Unknown,Porphyry Cu(-Mo-Au-Ag),supervised > tree-based > random forest; supervised > tree-based > gradient boosting (GBDT); knowledge-driven > multicriteria decision analysis > TOPSIS; knowledge-driven > multicriteria decision analysis > VIKOR; knowledge-driven > probabilistic > evidential belief function (Dempster–Shafer),Execution of an applicable hybrid integration procedure for mineral prospectivity mapping,"Hamid Sabbaghi, Seyed Hassan Tabatabaei",True,Geochemical samples; ppm; Geological evidence layers; Unknown; Fault evidence layers; Unknown; Alteration evidence layers; Unknown,Different,Region A to Region B,https://doi.org/10.1007/s12517-022-11094-2,arabian journal of geosciences | hamid sabbaghi seyed hassan tabatabaei | execution of an applicable hybrid integration procedure for mineral prospectivity mapping
2024,September,Scientific Reports,Unknown,Mineral prospectivity prediction based on convolutional neural network and ensemble learning,Unknown,Orogenic (lode) gold,supervised > deep learning > ensemble learning,Mineral prospectivity prediction based on convolutional neural network and ensemble learning,"Hujun He, Haolei Zhu, Xingke Yang, Weiwei Zhang, Jinghao Wang",Unknown,Unknown,Unknown,Unknown,https://doi.org/10.1038/s41598-024-73357-0,scientific reports | hujun he haolei zhu xingke yang weiwei zhang jinghao wang | mineral prospectivity prediction based on convolutional neural network and ensemble learning
2025,August,Scientific Reports,Unknown,Deep learning and fractal-wavelet techniques for magnetite-apatite exploration in Tarom Iran,Unknown,IOA (Iron Oxide-Apatite),supervised > deep learning > CNN; supervised > deep learning > ResNet; supervised > deep learning > VGG-19; supervised > deep learning > GoogleNet; supervised > deep learning > AlexNet,Deep learning and fractal-wavelet techniques for magnetite-apatite exploration in Tarom Iran,"Mohammad Mahdi Pourgholam, Ahmad Adib, Peyman Afzal, Kambiz Rahbar, Mehran Gholinejad",Available upon request,Geological features; Unknown; Geochemical data; Unknown; Geophysical data; Unknown; Remote sensing data; Unknown,Different,Region A to Region B,https://doi.org/10.1038/s41598-025-16040-2,scientific reports | mohammad mahdi pourgholam ahmad adib peyman afzal kambiz rahbar mehran gholinejad | deep learning and fractal-wavelet techniques for magnetite-apatite exploration in tarom iran
2021,June,Z. Dt. Ges. Geowiss.,Unknown,"Mineral prospectivity mapping of Cu-Au by integrating AHP technique with ARAS and WASPAS models in the Sonajil area, E-Azerbaijan",Unknown,Porphyry Cu(-Mo-Au-Ag),supervised > multicriteria decision analysis > AHP; knowledge-driven > multicriteria decision analysis > ARAS; knowledge-driven > multicriteria decision analysis > WASPAS,"Mineral prospectivity mapping of Cu-Au by integrating AHP technique with ARAS and WASPAS models in the Sonajil area, E-Azerbaijan",Mohammadjafar Mohammadzadeh; Aynur Nasseri; Majid Mahboubiaghdam; Moharram Jahangiri,Unknown,Geochemical samples; g/t; Fault density; Unknown; Alteration maps; Unknown; Geological maps; Unknown,Different,Region A to Region B,https://doi.org/10.1127/zdgg/2021/0256,z dt ges geowiss | mohammadjafar mohammadzadeh aynur nasseri majid mahboubiaghdam moharram jahangiri | mineral prospectivity mapping of cu-au by integrating ahp technique with aras and waspas models in the sonajil area e-azerbaijan
